Country Name;Country Code;Indicator Name;Indicator Code;2009;2010;2011;2012;2013;2014;2015;2016;2017;2018;2019;2020;2021;2022;
Aruba;ABW;GNI per capita, PPP (current international $);NY.GNP.PCAP.PP.CD;33950;32270;32440;33240;34710;35490;35770;35880;36720;38950;40590;34100;41610;;
Africa Eastern and Southern;AFE;GNI per capita, PPP (current international $);NY.GNP.PCAP.PP.CD;2951.103557;3033.946647;3143.629875;3086.920226;3201.835121;3347.638421;3382.605583;3497.689951;3524.06369;3610.155775;3663.375761;3531.462331;3755.017339;4066.110728;
Afghanistan;AFG;GNI per capita, PPP (current international $);NY.GNP.PCAP.PP.CD;1570;1770;1750;1960;2070;2110;2150;2040;2120;2130;2200;2100;1690;;
Africa Western and Central;AFW;GNI per capita, PPP (current international $);NY.GNP.PCAP.PP.CD;3157.51984;3310.950388;3447.108113;3563.754682;3705.452751;3990.141176;3961.137105;3898.55472;3910.803155;3990.211781;4116.435074;4032.534041;4255.201624;4625.964613;
Angola;AGO;GNI per capita, PPP (current international $);NY.GNP.PCAP.PP.CD;5840;5950;6120;6790;7090;7630;6900;6660;6770;6500;6260;5800;5990;6450;
Albania;ALB;GNI per capita, PPP (current international $);NY.GNP.PCAP.PP.CD;8670;9530;10210;10450;10750;11360;11800;12270;12800;13480;14220;13830;15320;18210;
Andorra;AND;GNI per capita, PPP (current international $);NY.GNP.PCAP.PP.CD;;;;;;;;;;;;;;;
Arab World;ARB;GNI per capita, PPP (current international $);NY.GNP.PCAP.PP.CD;13989.11748;14336.51582;14859.73414;15836.62795;15803.29136;15596.10217;14168.80856;13763.77612;14355.4564;14695.05336;14870.17916;14147.22641;15089.95219;16771.23171;
United Arab Emirates;ARE;GNI per capita, PPP (current international $);NY.GNP.PCAP.PP.CD;68200;65390;70650;74910;75970;78980;70030;69240;71690;73520;75200;71070;76810;87300;
Argentina;ARG;GNI per capita, PPP (current international $);NY.GNP.PCAP.PP.CD;15750;17450;18770;19180;19700;19280;19730;19860;22990;22460;22100;20250;23280;26030;
Armenia;ARM;GNI per capita, PPP (current international $);NY.GNP.PCAP.PP.CD;7340;7690;8160;9640;10430;10570;10540;11220;12950;13770;15120;13890;15200;18120;
American Samoa;ASM;GNI per capita, PPP (current international $);NY.GNP.PCAP.PP.CD;;;;;;;;;;;;;;;
Antigua and Barbuda;ATG;GNI per capita, PPP (current international $);NY.GNP.PCAP.PP.CD;22060;20660;20290;19540;18800;18790;18440;19390;19700;21470;22740;19560;21070;24500;
Australia;AUS;GNI per capita, PPP (current international $);NY.GNP.PCAP.PP.CD;38890;37840;40330;41540;44770;45660;45310;46140;47090;48620;50180;51870;55330;60350;
Austria;AUT;GNI per capita, PPP (current international $);NY.GNP.PCAP.PP.CD;40900;42360;44600;46500;48050;48860;49370;52680;53670;56380;59530;57770;60230;68170;
Azerbaijan;AZE;GNI per capita, PPP (current international $);NY.GNP.PCAP.PP.CD;12940;13800;13790;15050;16330;16940;14460;13510;13590;13850;14470;14400;15600;16530;
Burundi;BDI;GNI per capita, PPP (current international $);NY.GNP.PCAP.PP.CD;610;630;640;650;700;730;800;770;750;760;760;760;790;840;
Belgium;BEL;GNI per capita, PPP (current international $);NY.GNP.PCAP.PP.CD;38450;40450;41010;43270;44750;45870;46850;49060;50900;53000;56340;55130;59360;60020;
Benin;BEN;GNI per capita, PPP (current international $);NY.GNP.PCAP.PP.CD;2290;2290;2350;2410;2580;2730;2770;2880;2900;3080;3260;3330;3650;4020;
Burkina Faso;BFA;GNI per capita, PPP (current international $);NY.GNP.PCAP.PP.CD;1350;1410;1470;1530;1590;1570;1580;1750;1900;2030;2080;2050;2280;2400;
Bangladesh;BGD;GNI per capita, PPP (current international $);NY.GNP.PCAP.PP.CD;2930;3100;3330;3740;3990;4220;4450;4770;5000;5460;5930;6150;6870;7690;
Bulgaria;BGR;GNI per capita, PPP (current international $);NY.GNP.PCAP.PP.CD;13730;14650;15250;16110;16280;17470;17820;19450;20990;22270;24460;24420;27380;32520;
Bahrain;BHR;GNI per capita, PPP (current international $);NY.GNP.PCAP.PP.CD;41820;43510;43420;52020;51700;49530;43330;42760;46190;47360;48850;47080;51370;57370;
Bahamas; The;BHS;GNI per capita, PPP (current international $);29980;28280;28420;28820;29400;28900;30010;30620;30680;32750;33040;33670;26000;31050;38290
Bosnia and Herzegovina;BIH;GNI per capita, PPP (current international $);NY.GNP.PCAP.PP.CD;9030;9240;9840;10190;10930;11240;11910;12890;13470;14720;16090;15770;17450;20220;
Belarus;BLR;GNI per capita, PPP (current international $);NY.GNP.PCAP.PP.CD;13740;15050;16380;17700;18330;18440;17330;16950;17670;18740;19520;19460;21130;21800;
Belize;BLZ;GNI per capita, PPP (current international $);NY.GNP.PCAP.PP.CD;9110;8860;9080;8540;8770;8650;8910;8710;8390;8400;8770;7910;9370;10900;
Bermuda;BMU;GNI per capita, PPP (current international $);NY.GNP.PCAP.PP.CD;;72180;71790;70450;72180;71390;74460;78530;85190;86090;86310;82750;90490;98610;
Bolivia;BOL;GNI per capita, PPP (current international $);NY.GNP.PCAP.PP.CD;4710;4850;5140;5460;6100;6560;6750;7210;8000;8460;8710;8020;8660;9400;
Brazil;BRA;GNI per capita, PPP (current international $);NY.GNP.PCAP.PP.CD;12930;13810;14600;14620;15320;15370;14420;13910;14210;14550;14900;14590;15830;17260;
Barbados;BRB;GNI per capita, PPP (current international $);NY.GNP.PCAP.PP.CD;16110;16160;15670;15140;15090;14920;15230;15620;15470;15590;15800;14370;14880;17340;
Brunei Darussalam;BRN;GNI per capita, PPP (current international $);NY.GNP.PCAP.PP.CD;77370;78210;80090;84510;81390;79960;64670;59540;63750;61460;65750;67010;66770;67740;
Bhutan;BTN;GNI per capita, PPP (current international $);NY.GNP.PCAP.PP.CD;5570;6130;6640;7080;7240;7860;8640;9390;10030;10470;11180;10450;11300;;
Botswana;BWA;GNI per capita, PPP (current international $);NY.GNP.PCAP.PP.CD;11020;11660;12890;12300;12810;14070;13020;13970;13400;13790;14930;14070;15610;17590;
Central African Republic;CAF;GNI per capita, PPP (current international $);NY.GNP.PCAP.PP.CD;870;910;950;1030;690;680;740;800;880;940;960;950;990;1020;
Canada;CAN;GNI per capita, PPP (current international $);NY.GNP.PCAP.PP.CD;38200;39310;40880;41540;43620;45010;43990;45900;47700;49140;49240;46860;52720;57820;
Central Europe and the Baltics;CEB;GNI per capita, PPP (current international $);NY.GNP.PCAP.PP.CD;19115.82175;20124.28774;21475.15149;22315.30181;23125.76789;24150.10596;25229.68907;26807.71274;28823.47101;30912.04879;33801.15687;33857.29179;36438.29133;41302.5101;
Switzerland;CHE;GNI per capita, PPP (current international $);NY.GNP.PCAP.PP.CD;53740;57270;57830;60440;62660;63350;65920;66960;67250;68130;70150;69200;74270;78040;
Channel Islands;CHI;GNI per capita, PPP (current international $);NY.GNP.PCAP.PP.CD;;;;;;;;;;;;;;;
Chile;CHL;GNI per capita, PPP (current international $);NY.GNP.PCAP.PP.CD;15010;16930;18560;20400;21430;21770;22130;22840;23590;24520;24640;23390;26680;28550;
China;CHN;GNI per capita, PPP (current international $);NY.GNP.PCAP.PP.CD;8290;9220;10200;11140;11780;12500;12840;13420;14220;15430;16610;17070;19310;21250;
Cote d'Ivoire;CIV;GNI per capita, PPP (current international $);NY.GNP.PCAP.PP.CD;2340;2460;2250;2490;2650;4180;4480;4590;4690;4920;5200;5220;5680;6330;
Cameroon;CMR;GNI per capita, PPP (current international $);NY.GNP.PCAP.PP.CD;2840;2860;2930;2980;3140;3340;3390;3500;3620;3750;3830;3790;3990;4350;
Congo; Dem. Rep.;COD;GNI per capita, PPP (current international $);550;560;590;620;620;670;750;810;910;990;1030;1040;1070;1140;1280
Congo; Rep.;COG;GNI per capita, PPP (current international $);3920;4450;4790;4680;5740;5680;5770;4420;3550;3500;3640;3430;3040;3410;3520
Colombia;COL;GNI per capita, PPP (current international $);NY.GNP.PCAP.PP.CD;10050;10450;11200;11630;12360;13010;13200;13820;14090;14790;15530;14940;16810;19490;
Comoros;COM;GNI per capita, PPP (current international $);NY.GNP.PCAP.PP.CD;2300;2370;2460;2650;2800;2900;2900;3070;3260;3390;3450;3420;3580;3850;
Cabo Verde;CPV;GNI per capita, PPP (current international $);NY.GNP.PCAP.PP.CD;5660;5670;5970;5810;5830;5720;6030;6470;6910;7330;7970;6440;7180;8970;
Costa Rica;CRI;GNI per capita, PPP (current international $);NY.GNP.PCAP.PP.CD;11710;12340;12970;13740;14320;15260;16210;18110;19110;20010;21260;20430;21150;22820;
Caribbean small states;CSS;GNI per capita, PPP (current international $);NY.GNP.PCAP.PP.CD;13882.65557;14241.65054;14205.16941;14733.3433;15123.46457;15299.42828;15344.43515;14964.4511;15704.86807;15919.95005;16331.3137;15114.65958;16790.50924;20110.64667;
Cuba;CUB;GNI per capita, PPP (current international $);NY.GNP.PCAP.PP.CD;;;;;;;;;;;;;;;
Curacao;CUW;GNI per capita, PPP (current international $);NY.GNP.PCAP.PP.CD;25510;25860;26160;25590;25420;25050;24950;24570;25500;25640;25750;21670;23890;;
Cayman Islands;CYM;GNI per capita, PPP (current international $);NY.GNP.PCAP.PP.CD;;62790;64500;44080;38610;37170;38610;42330;46580;50790;55960;53030;55720;;
Cyprus;CYP;GNI per capita, PPP (current international $);NY.GNP.PCAP.PP.CD;33790;33040;34280;31700;30090;29370;31710;34450;37290;39220;41660;38510;40650;45960;
Czechia;CZE;GNI per capita, PPP (current international $);NY.GNP.PCAP.PP.CD;25850;25790;26660;27370;28860;30270;31570;33660;36630;38890;41540;40690;43760;47780;
Germany;DEU;GNI per capita, PPP (current international $);NY.GNP.PCAP.PP.CD;37650;39730;43630;44400;46040;47950;48690;51830;54340;57060;59330;58150;60880;65300;
Djibouti;DJI;GNI per capita, PPP (current international $);NY.GNP.PCAP.PP.CD;;;;;3680;3860;4100;4130;4250;4470;4820;4860;5320;5780;
Dominica;DMA;GNI per capita, PPP (current international $);NY.GNP.PCAP.PP.CD;9850;10130;10300;10040;10060;10820;10930;11710;11550;12150;12700;10990;12050;13540;
Denmark;DNK;GNI per capita, PPP (current international $);NY.GNP.PCAP.PP.CD;40730;43700;45340;45820;48210;49640;50550;53250;56570;59080;61650;62800;67130;76810;
Dominican Republic;DOM;GNI per capita, PPP (current international $);NY.GNP.PCAP.PP.CD;10090;10910;11300;11320;11760;12680;13960;15230;15740;17130;18080;16850;19530;21910;
Algeria;DZA;GNI per capita, PPP (current international $);NY.GNP.PCAP.PP.CD;12640;13100;13410;13180;12850;12760;11760;11570;11630;11710;11820;11220;11950;12930;
East Asia & Pacific (excluding high income);EAP;GNI per capita, PPP (current international $);NY.GNP.PCAP.PP.CD;7882.680986;8664.917681;9478.70464;10300.49101;10826.33435;11406.4182;11672.31527;12187.94156;12887.54265;13922.95763;14918.2016;15114.09243;16788.81644;18566.28892;
Early-demographic dividend;EAR;GNI per capita, PPP (current international $);NY.GNP.PCAP.PP.CD;6488.522413;6882.267433;7287.912314;7643.177614;7859.899595;8083.81803;8190.68427;8466.709709;8902.041263;9336.242065;9608.487319;9228.246791;10092.59948;11391.9181;
East Asia & Pacific;EAS;GNI per capita, PPP (current international $);NY.GNP.PCAP.PP.CD;10837.76399;11761.03357;12625.68277;13482.80387;14134.78946;14722.47124;15093.2471;15580.42396;16328.79416;17385.0207;18347.10265;18514.09524;20292.61147;22297.3715;
Europe & Central Asia (excluding high income);ECA;GNI per capita, PPP (current international $);NY.GNP.PCAP.PP.CD;13846.13351;14856.26789;16384.91956;17425.83856;18763.17899;19133.25118;18814.63151;19111.80056;20284.75463;21676.36834;22329.80717;22369.90598;24778.04073;27740.71549;
Europe & Central Asia;ECS;GNI per capita, PPP (current international $);NY.GNP.PCAP.PP.CD;24833.25361;25962.21499;27491.02833;28256.14389;29506.70312;30221.91252;30626.7181;32019.51735;33741.68754;35467.28451;37294.21457;36140.63214;39264.10803;43541.3155;
Ecuador;ECU;GNI per capita, PPP (current international $);NY.GNP.PCAP.PP.CD;8650;8980;9710;10150;10970;11530;10870;10860;11410;11560;11520;10650;11590;12630;
Egypt; Arab Rep.;EGY;GNI per capita, PPP (current international $);8460;8670;8850;8940;10260;10350;10060;10700;10450;10790;11360;11860;12290;13050;14590
Euro area;EMU;GNI per capita, PPP (current international $);NY.GNP.PCAP.PP.CD;34819.40673;35859.06613;37562.24895;37981.85588;39215.91821;40160.02132;41074.46998;43688.2685;45787.24389;47881.74272;50605.88188;48398.94005;51784.98913;56470.54435;
Eritrea;ERI;GNI per capita, PPP (current international $);NY.GNP.PCAP.PP.CD;1460;1480;1610;;;;;;;;;;;;
Spain;ESP;GNI per capita, PPP (current international $);NY.GNP.PCAP.PP.CD;31480;31220;31310;31470;32230;33420;34910;37400;39570;40780;43190;38080;40880;45950;
Estonia;EST;GNI per capita, PPP (current international $);NY.GNP.PCAP.PP.CD;19850;20460;23300;24920;26800;28120;28530;30620;32990;35640;38270;39000;42720;46080;
Ethiopia;ETH;GNI per capita, PPP (current international $);NY.GNP.PCAP.PP.CD;910;1010;1110;1190;1260;1480;1620;1840;1980;2110;2260;2370;2550;2800;
European Union;EUU;GNI per capita, PPP (current international $);NY.GNP.PCAP.PP.CD;31719.68921;32812.49525;34454.62277;34971.15117;36119.73274;37095.54836;38089.34717;40497.40739;42620.17676;44728.94831;47526.43849;45876.26707;49175.336;54014.89409;
Fragile and conflict affected situations;FCS;GNI per capita, PPP (current international $);NY.GNP.PCAP.PP.CD;3869.448788;4019.769374;4024.211169;4296.193903;4469.795465;4508.215647;4349.878679;4388.96201;4516.844153;4637.728961;4750.19361;4502.358982;4639.658041;4873.272399;
Finland;FIN;GNI per capita, PPP (current international $);NY.GNP.PCAP.PP.CD;38440;39460;41070;41060;41660;42180;42920;45140;47590;49780;52070;53190;55560;58950;
Fiji;FJI;GNI per capita, PPP (current international $);NY.GNP.PCAP.PP.CD;7220;7280;7610;8080;8860;10240;11060;11340;11810;12750;12670;10850;10760;13370;
France;FRA;GNI per capita, PPP (current international $);NY.GNP.PCAP.PP.CD;35470;36730;38430;38500;40410;41010;41730;43830;45580;47620;51580;48880;52880;57090;
Faroe Islands;FRO;GNI per capita, PPP (current international $);NY.GNP.PCAP.PP.CD;;;;;;;;;;;;;;;
Micronesia; Fed. Sts.;FSM;GNI per capita, PPP (current international $);3020;3190;3240;3380;3420;3450;3420;3960;3940;4000;3690;4110;4060;4030;4280
Gabon;GAB;GNI per capita, PPP (current international $);NY.GNP.PCAP.PP.CD;11920;12230;12820;13170;13040;13960;12940;12680;13560;13630;13870;13900;12860;14880;
United Kingdom;GBR;GNI per capita, PPP (current international $);NY.GNP.PCAP.PP.CD;34800;36590;37420;37980;39270;40550;41670;43220;45610;46560;49270;44840;49980;54920;
Georgia;GEO;GNI per capita, PPP (current international $);NY.GNP.PCAP.PP.CD;6960;7430;8120;9720;10420;11420;11820;12260;12920;14030;14930;14060;16020;18830;
Ghana;GHA;GNI per capita, PPP (current international $);NY.GNP.PCAP.PP.CD;3590;3790;4260;4690;4980;5100;4870;4620;4690;5010;5340;5620;5850;6380;
Gibraltar;GIB;GNI per capita, PPP (current international $);NY.GNP.PCAP.PP.CD;;;;;;;;;;;;;;;
Guinea;GIN;GNI per capita, PPP (current international $);NY.GNP.PCAP.PP.CD;1550;1620;1690;1740;1700;1720;1760;2010;2370;2440;2540;2470;2500;2840;
Gambia; The;GMB;GNI per capita, PPP (current international $);2050;2130;2210;2000;1990;1920;1830;1870;1880;1890;2020;2140;2130;2230;2470
Guinea-Bissau;GNB;GNI per capita, PPP (current international $);NY.GNP.PCAP.PP.CD;1250;1300;1410;1320;1300;1390;1590;1740;1880;1830;2010;1940;2020;2220;
Equatorial Guinea;GNQ;GNI per capita, PPP (current international $);NY.GNP.PCAP.PP.CD;21390;16690;19120;21520;20560;19850;15730;13770;14440;13930;12410;11800;12040;12850;
Greece;GRC;GNI per capita, PPP (current international $);NY.GNP.PCAP.PP.CD;29690;27290;24960;25120;25990;26800;26740;27380;28460;29290;30880;28280;31160;36600;
Grenada;GRD;GNI per capita, PPP (current international $);NY.GNP.PCAP.PP.CD;9290;9600;9910;9910;10660;10950;11510;12550;13260;14220;14510;12950;14060;15870;
Greenland;GRL;GNI per capita, PPP (current international $);NY.GNP.PCAP.PP.CD;;;;;;;;;;;;;;;
Guatemala;GTM;GNI per capita, PPP (current international $);NY.GNP.PCAP.PP.CD;6350;6450;6720;7060;7270;7560;8000;8040;8150;8500;8880;8700;9610;10610;
Guam;GUM;GNI per capita, PPP (current international $);NY.GNP.PCAP.PP.CD;;;;;;;;;;;;;;;
Guyana;GUY;GNI per capita, PPP (current international $);NY.GNP.PCAP.PP.CD;8790;9390;10070;10700;11270;11200;11450;11470;12160;12600;13240;19080;23020;37710;
High income;HIC;GNI per capita, PPP (current international $);NY.GNP.PCAP.PP.CD;37596.88955;39238.66206;41004.11922;42308.62178;43641.35814;44909.67906;45615.22316;46815.7974;48815.78146;50816.31059;52760.78492;51313.74266;55650.22053;60988.27195;
Hong Kong SAR; China;HKG;GNI per capita, PPP (current international $);49570;47240;50230;53710;52990;54710;55910;57450;58660;62440;65500;65260;62470;70840;73940
Honduras;HND;GNI per capita, PPP (current international $);NY.GNP.PCAP.PP.CD;3550;3550;3660;3690;3780;4020;4410;4690;5110;5250;5390;4940;5600;6210;
Heavily indebted poor countries (HIPC);HPC;GNI per capita, PPP (current international $);NY.GNP.PCAP.PP.CD;1855.611452;1916.430565;1986.459729;1984.293251;2057.744698;2237.625925;2288.23752;2375.550181;2432.658913;2521.550733;2600.811335;2574.452172;2705.075937;2957.125136;
Croatia;HRV;GNI per capita, PPP (current international $);NY.GNP.PCAP.PP.CD;19460;19350;20410;20740;21710;22030;23460;24820;27150;28790;31610;30430;35030;40740;
Haiti;HTI;GNI per capita, PPP (current international $);NY.GNP.PCAP.PP.CD;2850;2690;2860;2810;3000;3020;2950;3150;3210;3300;3260;3140;3180;3310;
Hungary;HUN;GNI per capita, PPP (current international $);NY.GNP.PCAP.PP.CD;19820;20720;21910;22280;23830;24530;25520;27190;28300;30660;33730;33360;35650;40620;
IBRD only;IBD;GNI per capita, PPP (current international $);NY.GNP.PCAP.PP.CD;8493.372681;9146.506337;9835.381617;10444.11316;10891.89255;11241.5526;11323.41076;11707.13986;12351.65633;13138.20052;13777.91342;13593.45066;15039.32051;16701.76144;
IDA & IBRD total;IBT;GNI per capita, PPP (current international $);NY.GNP.PCAP.PP.CD;7110.216547;7620.451097;8156.149777;8624.074803;8980.263957;9277.560089;9345.089062;9637.765421;10120.33522;10726.41184;11210.31356;11034.89939;12129.80587;13409.53304;
IDA total;IDA;GNI per capita, PPP (current international $);NY.GNP.PCAP.PP.CD;2722.341821;2844.854038;2970.310107;3069.764264;3207.577592;3409.008093;3498.135495;3593.148558;3682.90531;3861.468896;4006.439973;3967.353168;4225.173515;4625.35442;
IDA blend;IDB;GNI per capita, PPP (current international $);NY.GNP.PCAP.PP.CD;3806.62067;3964.311321;4129.04373;4214.824994;4378.481127;4620.621927;4714.083042;4745.405878;4810.04016;5018.064357;5157.456952;5039.734994;5440.095823;5988.642952;
Indonesia;IDN;GNI per capita, PPP (current international $);NY.GNP.PCAP.PP.CD;7660;8210;8770;9370;9710;9890;9880;10150;10600;11320;11980;11830;12730;14250;
IDA only;IDX;GNI per capita, PPP (current international $);NY.GNP.PCAP.PP.CD;2181.788329;2285.50141;2390.57258;2497.436454;2622.849271;2805.342849;2894.355744;3025.81582;3131.637827;3298.372822;3449.452984;3452.120312;3640.265162;3968.539793;
Isle of Man;IMN;GNI per capita, PPP (current international $);NY.GNP.PCAP.PP.CD;;;;;;;;;;;;;;;
India;IND;GNI per capita, PPP (current international $);NY.GNP.PCAP.PP.CD;3870;4170;4430;4770;4950;5130;5350;5660;6050;6520;6830;6430;7220;8210;
Not classified;INX;GNI per capita, PPP (current international $);NY.GNP.PCAP.PP.CD;;;;;;;;;;;;;;;
Ireland;IRL;GNI per capita, PPP (current international $);NY.GNP.PCAP.PP.CD;34650;36320;36700;37520;40440;43260;53170;58340;62000;65690;69690;70720;80870;91950;
Iran; Islamic Rep.;IRN;GNI per capita, PPP (current international $);17380;17370;18350;19000;16870;16040;15790;13840;14680;15180;15050;14720;15280;16610;18130
Iraq;IRQ;GNI per capita, PPP (current international $);NY.GNP.PCAP.PP.CD;11920;12240;12810;14350;14450;12930;9120;8840;9900;10160;10680;9230;9600;10820;
Iceland;ISL;GNI per capita, PPP (current international $);NY.GNP.PCAP.PP.CD;33590;32160;34550;36690;42100;43500;46470;50990;53920;54290;59540;53100;55520;65560;
Israel;ISR;GNI per capita, PPP (current international $);NY.GNP.PCAP.PP.CD;27250;28770;30750;31510;34050;34530;35560;37870;39250;40200;40710;39860;43400;48820;
Italy;ITA;GNI per capita, PPP (current international $);NY.GNP.PCAP.PP.CD;34580;35080;36510;36440;36250;36200;36640;40040;41810;43510;46190;43680;47590;52470;
Jamaica;JAM;GNI per capita, PPP (current international $);NY.GNP.PCAP.PP.CD;7730;7820;8100;8320;8500;8630;8810;9130;9700;10010;10380;9400;10300;11480;
Jordan;JOR;GNI per capita, PPP (current international $);NY.GNP.PCAP.PP.CD;9940;9830;10040;10180;10220;9350;9130;8990;9580;9770;9940;9670;10100;10890;
Japan;JPN;GNI per capita, PPP (current international $);NY.GNP.PCAP.PP.CD;34390;36280;37270;38640;40760;41030;42510;42010;42980;43750;43930;43200;44910;48470;
Kazakhstan;KAZ;GNI per capita, PPP (current international $);NY.GNP.PCAP.PP.CD;16020;16710;17790;19050;21900;22190;21760;21490;22160;22940;24040;24420;25280;27080;
Kenya;KEN;GNI per capita, PPP (current international $);NY.GNP.PCAP.PP.CD;2170;2320;2470;2550;2780;3040;3390;3970;4230;4500;4720;4670;5150;5680;
Kyrgyz Republic;KGZ;GNI per capita, PPP (current international $);NY.GNP.PCAP.PP.CD;2980;2890;2950;3530;3810;4100;4050;4440;4800;5100;5000;4830;5060;5830;
Cambodia;KHM;GNI per capita, PPP (current international $);NY.GNP.PCAP.PP.CD;2190;2330;2500;2730;2890;3020;3220;3510;3770;4090;4380;4330;4560;5080;
Kiribati;KIR;GNI per capita, PPP (current international $);NY.GNP.PCAP.PP.CD;2280;2380;2310;2650;3010;3430;4090;3490;3760;3900;4320;3770;3860;4520;
St. Kitts and Nevis;KNA;GNI per capita, PPP (current international $);NY.GNP.PCAP.PP.CD;22160;22530;23330;22490;23910;24590;24770;26330;27980;29330;31860;27750;28840;32180;
Korea; Rep.;KOR;GNI per capita, PPP (current international $);29950;29460;31780;32750;33910;34460;35500;38020;39720;41120;43220;43780;45080;47400;50730
Kuwait;KWT;GNI per capita, PPP (current international $);NY.GNP.PCAP.PP.CD;85370;81330;83380;85850;81230;75380;51480;48780;57790;56770;56270;53240;57430;64590;
Latin America & Caribbean (excluding high income);LAC;GNI per capita, PPP (current international $);NY.GNP.PCAP.PP.CD;11788.36339;12544.3616;13376.64548;13630.99479;14119.94388;14421.4774;14220.67172;14406.37715;14986.0417;15317.00147;15497.33094;14625.71575;15984.38536;17658.81352;
Lao PDR;LAO;GNI per capita, PPP (current international $);NY.GNP.PCAP.PP.CD;3390;3540;3830;4510;4960;5570;5850;6510;6830;7390;7700;7710;8170;8810;
Lebanon;LBN;GNI per capita, PPP (current international $);NY.GNP.PCAP.PP.CD;13610;14640;15040;15770;15510;14810;15220;16320;17740;18000;17480;14100;13400;;
Liberia;LBR;GNI per capita, PPP (current international $);NY.GNP.PCAP.PP.CD;870;900;1000;1040;1210;1230;1160;1280;1400;1360;1360;1390;1470;1620;
Libya;LBY;GNI per capita, PPP (current international $);NY.GNP.PCAP.PP.CD;29330;30250;16110;28780;24000;21020;22730;22200;24680;26690;24110;16790;22010;23590;
St. Lucia;LCA;GNI per capita, PPP (current international $);NY.GNP.PCAP.PP.CD;12210;12370;13270;12980;13410;13130;12650;13690;14340;15190;15160;12080;14210;17110;
Latin America & Caribbean;LCN;GNI per capita, PPP (current international $);NY.GNP.PCAP.PP.CD;12120.15417;12841.65518;13675.20225;13984.97451;14503.15707;14813.87782;14658.60197;14872.37772;15481.97421;15862.5657;16089.57386;15188.06464;16652.81037;18411.57223;
Least developed countries: UN classification;LDC;GNI per capita, PPP (current international $);NY.GNP.PCAP.PP.CD;2095.385255;2189.803832;2279.081086;2364.708596;2475.660692;2629.058076;2688.460692;2805.38044;2900.58925;3045.711586;3186.189452;3188.68726;3334.71405;3658.487926;
Low income;LIC;GNI per capita, PPP (current international $);NY.GNP.PCAP.PP.CD;1428.993585;1485.747757;1499.362726;1446.656881;1506.825094;1642.882024;1708.358173;1811.543974;1840.676358;1897.546329;1959.480326;1945.785478;2024.867904;2202.258537;
Liechtenstein;LIE;GNI per capita, PPP (current international $);NY.GNP.PCAP.PP.CD;;;;;;;;;;;;;;;
Sri Lanka;LKA;GNI per capita, PPP (current international $);NY.GNP.PCAP.PP.CD;7600;8230;9050;10140;10700;11200;11710;12600;13210;13730;13820;13300;14290;14030;
Lower middle income;LMC;GNI per capita, PPP (current international $);NY.GNP.PCAP.PP.CD;4632.271553;4906.85566;5154.204153;5414.844017;5595.154883;5758.569221;5870.014173;6109.713994;6414.5857;6797.396805;7070.972861;6836.492074;7445.8882;8293.875171;
Low & middle income;LMY;GNI per capita, PPP (current international $);NY.GNP.PCAP.PP.CD;6887.710054;7391.761449;7913.756127;8373.090571;8724.145781;9014.190777;9069.267117;9347.895702;9810.632856;10397.8756;10854.7082;10684.53376;11751.52404;12983.37489;
Lesotho;LSO;GNI per capita, PPP (current international $);NY.GNP.PCAP.PP.CD;2640;2730;2700;2640;2880;3050;3350;3290;2920;2870;2910;2860;3030;3160;
Late-demographic dividend;LTE;GNI per capita, PPP (current international $);NY.GNP.PCAP.PP.CD;10473.733;11356.21383;12385.78421;13260.34826;13944.77704;14499.46538;14492.61321;14934.79919;15785.69211;16958.57752;18005.41549;18162.19923;20217.36085;22271.97583;
Lithuania;LTU;GNI per capita, PPP (current international $);NY.GNP.PCAP.PP.CD;18530;19970;22220;23930;26130;27850;27790;29820;32540;35250;38560;38970;42130;46790;
Luxembourg;LUX;GNI per capita, PPP (current international $);NY.GNP.PCAP.PP.CD;55410;61410;65490;74230;72410;76490;69410;75120;82300;83270;80490;82880;91810;97750;
Latvia;LVA;GNI per capita, PPP (current international $);NY.GNP.PCAP.PP.CD;18210;17880;19230;21140;22590;23850;24860;26680;28600;30390;32450;33010;34480;39260;
Macao SAR; China;MAC;GNI per capita, PPP (current international $);68790;69550;84830;99750;109170;124040;125460;101680;101320;109460;116020;113300;69020;70930;
St. Martin (French part);MAF;GNI per capita, PPP (current international $);NY.GNP.PCAP.PP.CD;;;;;;;;;;;;;;;
Morocco;MAR;GNI per capita, PPP (current international $);NY.GNP.PCAP.PP.CD;6540;6760;7160;7150;7390;7010;7550;7590;7800;8140;8440;7890;8770;9390;
Monaco;MCO;GNI per capita, PPP (current international $);NY.GNP.PCAP.PP.CD;;;;;;;;;;;;;;;
Moldova;MDA;GNI per capita, PPP (current international $);NY.GNP.PCAP.PP.CD;6100;6790;7310;7960;9070;9490;9850;11100;12130;13030;14020;12940;15300;15310;
Madagascar;MDG;GNI per capita, PPP (current international $);NY.GNP.PCAP.PP.CD;1490;1470;1480;1440;1440;1470;1450;1510;1500;1540;1600;1470;1600;1720;
Maldives;MDV;GNI per capita, PPP (current international $);NY.GNP.PCAP.PP.CD;10940;11310;12300;12710;13630;15090;16100;16760;17470;18380;19310;13010;18840;22530;
Middle East & North Africa;MEA;GNI per capita, PPP (current international $);NY.GNP.PCAP.PP.CD;16178.20647;16715.79857;17358.57811;17942.78102;17815.3586;17534.04019;15893.8838;15708.69567;16425.53639;16775.13498;16916.33607;16371.85847;17585.78995;19541.83512;
Mexico;MEX;GNI per capita, PPP (current international $);NY.GNP.PCAP.PP.CD;14490;15280;16480;17050;17090;17850;18080;19090;19510;19900;19630;17920;19060;21060;
Marshall Islands;MHL;GNI per capita, PPP (current international $);NY.GNP.PCAP.PP.CD;3980;4130;4180;4080;4500;4750;5460;5520;5800;6330;7280;7330;7440;8640;
Middle income;MIC;GNI per capita, PPP (current international $);NY.GNP.PCAP.PP.CD;7412.845027;7969.152465;8550.545721;9070.397258;9460.197508;9776.851368;9842.125809;10152.14854;10673.85051;11333.30332;11851.27072;11682.41423;12881.34988;14260.62342;
North Macedonia;MKD;GNI per capita, PPP (current international $);NY.GNP.PCAP.PP.CD;10930;11200;11480;11660;12430;13180;13450;14540;15080;16090;17180;16670;17530;19290;
Mali;MLI;GNI per capita, PPP (current international $);NY.GNP.PCAP.PP.CD;1600;1660;1700;1640;1700;1800;1910;2050;2080;2170;2220;2150;2230;2420;
Malta;MLT;GNI per capita, PPP (current international $);NY.GNP.PCAP.PP.CD;25250;27240;28290;28820;30690;32560;35390;35820;39160;42280;45180;40600;46310;51590;
Myanmar;MMR;GNI per capita, PPP (current international $);NY.GNP.PCAP.PP.CD;2580;2890;3200;3500;3740;3940;4030;3990;4200;4530;4870;5080;4330;4760;
Middle East & North Africa (excluding high income);MNA;GNI per capita, PPP (current international $);NY.GNP.PCAP.PP.CD;10660.48723;11062.78041;11034.11048;11266.87072;11092.07588;10748.37124;10109.29249;10206.53858;10629.37424;10863.11782;10953.6446;10677.26122;11474.69722;12588.87574;
Montenegro;MNE;GNI per capita, PPP (current international $);NY.GNP.PCAP.PP.CD;13050;13540;14590;14100;15160;15580;16690;18360;20090;21770;24060;20840;23920;27530;
Mongolia;MNG;GNI per capita, PPP (current international $);NY.GNP.PCAP.PP.CD;6880;7020;8260;9550;10080;10290;9870;9940;9830;11190;11550;11150;11000;12470;
Northern Mariana Islands;MNP;GNI per capita, PPP (current international $);NY.GNP.PCAP.PP.CD;;;;;;;;;;;;;;;
Mozambique;MOZ;GNI per capita, PPP (current international $);NY.GNP.PCAP.PP.CD;910;950;1020;1050;1090;1140;1280;1340;1250;1300;1320;1280;1320;1410;
Mauritania;MRT;GNI per capita, PPP (current international $);NY.GNP.PCAP.PP.CD;4190;4130;4210;4220;4440;4230;4180;4740;5180;5470;5670;5540;5770;6330;
Mauritius;MUS;GNI per capita, PPP (current international $);NY.GNP.PCAP.PP.CD;15030;16100;16920;17250;18300;18970;19870;21190;22380;23900;25250;21760;23410;27480;
Malawi;MWI;GNI per capita, PPP (current international $);NY.GNP.PCAP.PP.CD;1340;1360;1430;1400;1510;1490;1390;1470;1420;1480;1550;1540;1610;1700;
Malaysia;MYS;GNI per capita, PPP (current international $);NY.GNP.PCAP.PP.CD;18480;19510;20800;21700;22190;23220;23510;24180;25200;26630;28090;26730;28280;32250;
North America;NAC;GNI per capita, PPP (current international $);NY.GNP.PCAP.PP.CD;46158.01944;48088.3507;49881.57283;51977.21941;53311.65973;55505.95336;56762.35962;57573.78522;59807.66158;62545.03268;64540.43777;62932.07257;69231.70115;75469.63947;
Namibia;NAM;GNI per capita, PPP (current international $);NY.GNP.PCAP.PP.CD;7860;8130;8690;9080;9840;10550;10770;10370;10150;10120;10180;9510;9930;10890;
New Caledonia;NCL;GNI per capita, PPP (current international $);NY.GNP.PCAP.PP.CD;;;;;;;;;;;;;;;
Niger;NER;GNI per capita, PPP (current international $);NY.GNP.PCAP.PP.CD;1050;1110;1120;1190;1160;1190;1190;1180;1200;1280;1320;1230;1330;1510;
Nigeria;NGA;GNI per capita, PPP (current international $);NY.GNP.PCAP.PP.CD;4120;4380;4570;4660;4880;5240;5200;5050;4960;4970;5120;4950;5220;5650;
Nicaragua;NIC;GNI per capita, PPP (current international $);NY.GNP.PCAP.PP.CD;3690;3850;4120;4220;4350;4700;5030;5350;5610;5480;5420;5160;5880;6380;
Netherlands;NLD;GNI per capita, PPP (current international $);NY.GNP.PCAP.PP.CD;42870;44640;46440;46750;48890;48740;49780;51020;54460;57610;58980;57870;61950;66750;
Norway;NOR;GNI per capita, PPP (current international $);NY.GNP.PCAP.PP.CD;55940;58850;63060;66330;68090;68420;63250;61860;66940;73090;72050;67820;83750;118440;
Nepal;NPL;GNI per capita, PPP (current international $);NY.GNP.PCAP.PP.CD;2060;2170;2280;2490;2670;2930;2970;2960;3530;3830;4130;4020;4280;4750;
Nauru;NRU;GNI per capita, PPP (current international $);NY.GNP.PCAP.PP.CD;6840;6940;7980;10190;11050;12390;12920;13740;13080;13590;15520;17160;19480;19780;
New Zealand;NZL;GNI per capita, PPP (current international $);NY.GNP.PCAP.PP.CD;29420;29670;31220;31620;34810;35790;36240;38650;40620;40970;44720;44640;47140;50380;
OECD members;OED;GNI per capita, PPP (current international $);NY.GNP.PCAP.PP.CD;33128.29411;34590.95117;36113.54475;37221.55391;38470.78337;39682.81512;40722.76022;41978.71834;43655.76461;45357.04252;46936.08178;45538.25502;49289.64413;54162.10296;
Oman;OMN;GNI per capita, PPP (current international $);NY.GNP.PCAP.PP.CD;52350;50330;47580;47720;45810;42510;35400;32870;32880;33120;32890;32540;35270;38890;
Other small states;OSS;GNI per capita, PPP (current international $);NY.GNP.PCAP.PP.CD;18798.84212;20184.9839;22215.42765;23635.82855;24084.08725;23854.41603;20595.73525;20037.02261;21464.64638;21861.50579;22527.79657;21472.21741;22731.61148;25127.46815;
Pakistan;PAK;GNI per capita, PPP (current international $);NY.GNP.PCAP.PP.CD;3930;3970;4100;4140;4240;4410;4580;4650;4820;5160;5280;5190;5700;6350;
Panama;PAN;GNI per capita, PPP (current international $);NY.GNP.PCAP.PP.CD;14240;14590;16690;18170;20310;21800;24700;26930;29770;30810;32060;27140;31160;37080;
Peru;PER;GNI per capita, PPP (current international $);NY.GNP.PCAP.PP.CD;8330;8950;9630;10010;10620;10890;11090;11440;11870;12360;12800;11500;12750;14080;
Philippines;PHL;GNI per capita, PPP (current international $);NY.GNP.PCAP.PP.CD;5840;6210;6450;6930;7330;7700;7940;8460;8880;9480;10010;8830;9250;10730;
Palau;PLW;GNI per capita, PPP (current international $);NY.GNP.PCAP.PP.CD;13790;14260;15760;16630;16510;17700;19260;19570;18720;19360;19530;17160;15560;;
Papua New Guinea;PNG;GNI per capita, PPP (current international $);NY.GNP.PCAP.PP.CD;2520;2720;2660;2890;2880;3470;3640;3810;3890;3860;3940;3910;3880;4270;
Poland;POL;GNI per capita, PPP (current international $);NY.GNP.PCAP.PP.CD;18640;20200;21850;22690;23440;24350;25820;27070;28690;30680;33510;33970;36340;41310;
Pre-demographic dividend;PRE;GNI per capita, PPP (current international $);NY.GNP.PCAP.PP.CD;2913.15591;3024.636599;3134.041426;3223.69801;3341.387936;3482.601941;3317.21393;3334.035424;3395.019308;3453.519759;3541.564189;3391.401399;3549.801267;3872.022501;
Puerto Rico;PRI;GNI per capita, PPP (current international $);NY.GNP.PCAP.PP.CD;20150;20210;20840;21840;22320;22620;22900;23040;22940;23470;24410;23370;24800;27830;
Korea; Dem. People's Rep.;PRK;GNI per capita, PPP (current international $);;;;;;;;;;;;;;;
Portugal;PRT;GNI per capita, PPP (current international $);NY.GNP.PCAP.PP.CD;25580;26390;26340;25810;27560;28150;28870;30840;32270;34080;36330;34410;36150;40870;
Paraguay;PRY;GNI per capita, PPP (current international $);NY.GNP.PCAP.PP.CD;9240;10270;10900;10390;11490;11930;11960;12550;13140;13690;13750;13590;14580;15540;
West Bank and Gaza;PSE;GNI per capita, PPP (current international $);NY.GNP.PCAP.PP.CD;4200;4360;4780;5610;5810;6090;6680;7080;7250;7580;7660;6620;7470;8170;
Pacific island small states;PSS;GNI per capita, PPP (current international $);NY.GNP.PCAP.PP.CD;4680.774251;4786.683686;4983.905339;5180.57172;5570.03569;6124.548683;6521.22052;6650.764876;6863.892709;7240.621642;7334.17002;6551.808155;6498.911897;7540.983553;
Post-demographic dividend;PST;GNI per capita, PPP (current international $);NY.GNP.PCAP.PP.CD;36661.26076;38248.6607;39811.33655;41034.4231;42455.77916;43697.25776;44753.08889;46105.10229;48053.4086;50067.71822;52009.66076;50489.1435;54715.39946;59905.66206;
French Polynesia;PYF;GNI per capita, PPP (current international $);NY.GNP.PCAP.PP.CD;;;;;;;;;;;;;;;
Qatar;QAT;GNI per capita, PPP (current international $);NY.GNP.PCAP.PP.CD;113680;128270;144820;152630;150400;136870;96610;84380;91940;91750;92330;92020;100890;110640;
Romania;ROU;GNI per capita, PPP (current international $);NY.GNP.PCAP.PP.CD;16420;17150;18570;19480;19390;20540;21400;23580;26560;29030;32600;32830;35550;40600;
Russian Federation;RUS;GNI per capita, PPP (current international $);NY.GNP.PCAP.PP.CD;18760;19860;22130;23560;25170;24910;23420;23460;25230;28120;29120;29310;33250;35770;
Rwanda;RWA;GNI per capita, PPP (current international $);NY.GNP.PCAP.PP.CD;1230;1300;1400;1430;1480;1630;1730;1790;1870;2020;2210;2130;2420;2730;
South Asia;SAS;GNI per capita, PPP (current international $);NY.GNP.PCAP.PP.CD;3772.576086;4031.492853;4269.503224;4586.558234;4768.236846;4946.770511;5160.656673;5437.194276;5780.33082;6223.533286;6517.072435;6211.395746;6928.092369;7817.72699;
Saudi Arabia;SAU;GNI per capita, PPP (current international $);NY.GNP.PCAP.PP.CD;47560;48640;53810;55510;54850;55530;49420;46680;48260;49310;49480;48170;52310;59660;
Sudan;SDN;GNI per capita, PPP (current international $);NY.GNP.PCAP.PP.CD;3760;3680;4000;3710;3700;4460;4420;4720;4430;4200;4090;3870;3920;4150;
Senegal;SEN;GNI per capita, PPP (current international $);NY.GNP.PCAP.PP.CD;2610;2660;2660;2730;2730;2820;2940;3040;3170;3360;3480;3490;3770;4100;
Singapore;SGP;GNI per capita, PPP (current international $);NY.GNP.PCAP.PP.CD;62780;74580;77300;78420;78530;81490;81040;84030;88700;88300;90900;86640;99420;107030;
Solomon Islands;SLB;GNI per capita, PPP (current international $);NY.GNP.PCAP.PP.CD;1850;2050;2140;2230;2450;2430;2420;2480;2570;2660;2700;2670;2680;2670;
Sierra Leone;SLE;GNI per capita, PPP (current international $);NY.GNP.PCAP.PP.CD;1190;1140;1230;1260;1710;1720;1560;1630;1570;1630;1700;1640;1760;1900;
El Salvador;SLV;GNI per capita, PPP (current international $);NY.GNP.PCAP.PP.CD;5830;6020;6340;6350;6650;7000;7350;7750;8140;8510;8940;8320;9600;10460;
San Marino;SMR;GNI per capita, PPP (current international $);NY.GNP.PCAP.PP.CD;;;;;;;;;53910;54920;57330;53740;61060;;
Somalia;SOM;GNI per capita, PPP (current international $);NY.GNP.PCAP.PP.CD;;;;;820;930;1080;1120;1050;1120;1180;1180;1250;1360;
Serbia;SRB;GNI per capita, PPP (current international $);NY.GNP.PCAP.PP.CD;12350;12530;13220;13470;14060;14100;14230;14980;15540;16810;18360;18960;20810;22720;
Sub-Saharan Africa (excluding high income);SSA;GNI per capita, PPP (current international $);NY.GNP.PCAP.PP.CD;3032.446603;3144.065327;3264.46135;3278.398228;3404.17963;3606.154741;3615.09464;3657.725071;3678.324918;3761.542564;3844.265673;3732.055254;3954.997593;4289.899161;
South Sudan;SSD;GNI per capita, PPP (current international $);NY.GNP.PCAP.PP.CD;;;1570;1380;1850;1210;1040;;;;;;;;
Sub-Saharan Africa;SSF;GNI per capita, PPP (current international $);NY.GNP.PCAP.PP.CD;3033.896714;3145.573903;3266.104955;3280.068531;3405.829103;3607.94724;3616.839803;3659.569997;3680.236349;3763.559513;3846.406131;3733.994401;3957.066859;4292.310674;
Small states;SST;GNI per capita, PPP (current international $);NY.GNP.PCAP.PP.CD;16919.62002;18038.90276;19566.81423;20760.25841;21221.86725;21149.84439;18759.02131;18294.99725;19541.26539;19915.72014;20513.45911;19452.34314;20705.80169;23187.46082;
Sao Tome and Principe;STP;GNI per capita, PPP (current international $);NY.GNP.PCAP.PP.CD;2690;2860;2980;2880;3320;3850;3790;3870;3920;4080;4170;4330;4520;4770;
Suriname;SUR;GNI per capita, PPP (current international $);NY.GNP.PCAP.PP.CD;12490;12820;13200;14720;15900;16540;16680;13900;15810;17050;17260;13600;14150;16080;
Slovak Republic;SVK;GNI per capita, PPP (current international $);NY.GNP.PCAP.PP.CD;22960;24870;25350;26540;27810;28700;29320;28950;29600;30880;32650;32510;33490;36840;
Slovenia;SVN;GNI per capita, PPP (current international $);NY.GNP.PCAP.PP.CD;27080;27460;28540;28590;29570;30590;30650;33080;35850;38390;41450;40600;43350;49200;
Sweden;SWE;GNI per capita, PPP (current international $);NY.GNP.PCAP.PP.CD;41220;43370;45520;46470;47350;48180;49520;50740;52870;54590;58110;58190;62380;67040;
Eswatini;SWZ;GNI per capita, PPP (current international $);NY.GNP.PCAP.PP.CD;7040;7140;7340;7510;8100;8200;8240;8030;7660;7950;8020;7890;8980;9920;
Sint Maarten (Dutch part);SXM;GNI per capita, PPP (current international $);NY.GNP.PCAP.PP.CD;31430;32960;36500;32540;32590;38380;37920;38220;37080;35180;37830;31760;35230;;
Seychelles;SYC;GNI per capita, PPP (current international $);NY.GNP.PCAP.PP.CD;17260;17940;20270;20860;20930;22870;22470;23850;24900;26530;28430;26410;28580;33480;
Syrian Arab Republic;SYR;GNI per capita, PPP (current international $);NY.GNP.PCAP.PP.CD;;;;;;;;;;;;;;;
Turks and Caicos Islands;TCA;GNI per capita, PPP (current international $);NY.GNP.PCAP.PP.CD;;;;;;20910;22140;24190;25260;26120;26400;19520;21910;22860;
Chad;TCD;GNI per capita, PPP (current international $);NY.GNP.PCAP.PP.CD;1580;1770;1760;1690;1500;1600;1760;1630;1560;1580;1600;1550;1550;1640;
East Asia & Pacific (IDA & IBRD countries);TEA;GNI per capita, PPP (current international $);NY.GNP.PCAP.PP.CD;7973.030456;8763.901311;9586.537978;10417.11037;10948.38745;11534.57681;11803.116;12324.16935;13031.15792;14077.80197;15083.91732;15281.91893;16975.36983;18772.85441;
Europe & Central Asia (IDA & IBRD countries);TEC;GNI per capita, PPP (current international $);NY.GNP.PCAP.PP.CD;14436.51929;15465.30639;16992.26834;17999.73881;19215.57278;19662.14557;19556.94583;20019.85794;21311.23836;22794.82078;23764.25464;23828.72499;26252.19797;29494.91773;
Togo;TGO;GNI per capita, PPP (current international $);NY.GNP.PCAP.PP.CD;1450;1510;1680;1630;1700;1780;1910;1930;1970;2080;2170;2180;2360;2610;
Thailand;THA;GNI per capita, PPP (current international $);NY.GNP.PCAP.PP.CD;11600;12440;12960;13920;14130;14360;14670;15470;16250;17220;18070;17420;18180;20070;
Tajikistan;TJK;GNI per capita, PPP (current international $);NY.GNP.PCAP.PP.CD;2600;2840;3150;3480;3950;4060;3700;3570;3710;4040;4320;4500;5190;5680;
Turkmenistan;TKM;GNI per capita, PPP (current international $);NY.GNP.PCAP.PP.CD;8180;8680;9850;10530;11220;11850;12440;13030;13130;14050;15400;;;;
Latin America & the Caribbean (IDA & IBRD countries);TLA;GNI per capita, PPP (current international $);NY.GNP.PCAP.PP.CD;12096.66971;12824.80889;13662.26521;13970.00263;14490.67968;14801.04358;14640.17059;14853.64315;15467.10393;15847.15362;16067.33155;15168.09123;16630.98134;18379.77966;
Timor-Leste;TLS;GNI per capita, PPP (current international $);NY.GNP.PCAP.PP.CD;6240;7350;9060;8690;7340;6220;5060;4210;4460;4510;5240;5670;2900;4780;
Middle East & North Africa (IDA & IBRD countries);TMN;GNI per capita, PPP (current international $);NY.GNP.PCAP.PP.CD;10733.50379;11138.96039;11105.74827;11332.256;11153.41298;10802.58535;10149.28125;10243.16035;10669.12951;10902.01459;10992.90855;10726.11649;11523.32571;12642.99624;
Tonga;TON;GNI per capita, PPP (current international $);NY.GNP.PCAP.PP.CD;4520;4610;5000;5140;5250;5380;5540;5960;6510;6830;7150;7290;7160;;
South Asia (IDA & IBRD);TSA;GNI per capita, PPP (current international $);NY.GNP.PCAP.PP.CD;3772.576086;4031.492853;4269.503224;4586.558234;4768.236846;4946.770511;5160.656673;5437.194276;5780.33082;6223.533286;6517.072435;6211.395746;6928.092369;7817.72699;
Sub-Saharan Africa (IDA & IBRD countries);TSS;GNI per capita, PPP (current international $);NY.GNP.PCAP.PP.CD;3033.896714;3145.573903;3266.104955;3280.068531;3405.829103;3607.94724;3616.839803;3659.569997;3680.236349;3763.559513;3846.406131;3733.994401;3957.066859;4292.310674;
Trinidad and Tobago;TTO;GNI per capita, PPP (current international $);NY.GNP.PCAP.PP.CD;26210;27350;25840;27240;27960;28040;27410;25500;26270;25400;25710;23460;25330;27040;
Tunisia;TUN;GNI per capita, PPP (current international $);NY.GNP.PCAP.PP.CD;9640;9960;9840;10000;10000;10310;10200;10410;10620;11040;11280;10250;11170;12160;
Turkiye;TUR;GNI per capita, PPP (current international $);NY.GNP.PCAP.PP.CD;15220;17190;19430;20450;22050;23610;25110;25850;27240;27410;27280;27390;30060;36920;
Tuvalu;TUV;GNI per capita, PPP (current international $);NY.GNP.PCAP.PP.CD;5250;4750;4750;4080;5080;4470;5860;5890;5870;6350;6720;6580;6850;7310;
Tanzania;TZA;GNI per capita, PPP (current international $);NY.GNP.PCAP.PP.CD;1940;2020;2150;2040;2130;2180;2270;2370;2410;2540;2640;2640;2800;3040;
Uganda;UGA;GNI per capita, PPP (current international $);NY.GNP.PCAP.PP.CD;1980;2060;2240;1990;1990;2070;2130;2100;2080;2180;2280;2330;2440;2650;
Ukraine;UKR;GNI per capita, PPP (current international $);NY.GNP.PCAP.PP.CD;7640;8240;8790;9600;10950;10620;10590;11260;12030;12760;13510;13390;13950;13360;
Upper middle income;UMC;GNI per capita, PPP (current international $);NY.GNP.PCAP.PP.CD;10284.65598;11161.0336;12121.7115;12942.32211;13583.33536;14094.95779;14141.25484;14559.2212;15350.79453;16351.60199;17181.4679;17133.64282;19053.61054;21086.05662;
Uruguay;URY;GNI per capita, PPP (current international $);NY.GNP.PCAP.PP.CD;15740;17050;18320;17920;19420;20330;21020;21570;22110;22600;23350;22030;23110;26290;
United States;USA;GNI per capita, PPP (current international $);NY.GNP.PCAP.PP.CD;47030;49050;50870;53130;54380;56670;58180;58870;61160;64060;66290;64770;71130;77530;
Uzbekistan;UZB;GNI per capita, PPP (current international $);NY.GNP.PCAP.PP.CD;5300;5560;5950;6130;6410;6580;6790;6860;6970;7500;7810;7840;8650;9640;
St. Vincent and the Grenadines;VCT;GNI per capita, PPP (current international $);NY.GNP.PCAP.PP.CD;10740;10440;10640;11000;11640;11730;12140;13420;13520;14350;14770;14350;14960;16810;
Venezuela; RB;VEN;GNI per capita, PPP (current international $);17590;16720;16380;16960;;;;;;;;;;;
British Virgin Islands;VGB;GNI per capita, PPP (current international $);NY.GNP.PCAP.PP.CD;;;;;;;;;;;;;;;
Virgin Islands (U.S.);VIR;GNI per capita, PPP (current international $);NY.GNP.PCAP.PP.CD;;;;;;;;;;;;;;;
Viet Nam;VNM;GNI per capita, PPP (current international $);NY.GNP.PCAP.PP.CD;4890;5220;5630;6160;6490;6970;7210;7820;8500;9360;10150;10560;11130;12810;
Vanuatu;VUT;GNI per capita, PPP (current international $);NY.GNP.PCAP.PP.CD;2550;2570;2660;2580;2740;2850;2830;2930;3040;3210;3660;3350;3530;3780;
World;WLD;GNI per capita, PPP (current international $);NY.GNP.PCAP.PP.CD;12132.95339;12793.89606;13481.80385;14043.99681;14520.29433;14934.33195;15059.13021;15452.13406;16125.34453;16902.24052;17557.47084;17144.5111;18669.27523;20509.80725;
Samoa;WSM;GNI per capita, PPP (current international $);NY.GNP.PCAP.PP.CD;4630;5030;5240;5110;5160;5230;5530;5960;6060;6080;6360;6180;6000;5870;
Kosovo;XKX;GNI per capita, PPP (current international $);NY.GNP.PCAP.PP.CD;6980;7350;7970;8300;8580;8830;9510;10130;10650;11200;12070;11580;13360;14870;
Yemen; Rep.;YEM;GNI per capita, PPP (current international $);3370;3510;3670;3130;3110;3280;;;;;;;;;
South Africa;ZAF;GNI per capita, PPP (current international $);NY.GNP.PCAP.PP.CD;12150;12520;12970;12810;13230;13220;13270;13350;13560;13930;14080;13310;14410;15570;
Zambia;ZMB;GNI per capita, PPP (current international $);NY.GNP.PCAP.PP.CD;2830;2930;3110;3300;3360;3390;3290;3220;3240;3450;3450;3270;3260;3680;
Zimbabwe;ZWE;GNI per capita, PPP (current international $);NY.GNP.PCAP.PP.CD;1350;1660;1850;2090;2270;2270;2310;2390;2070;2410;2260;2060;2280;2460;